,customer_id
0,aacc_c10cwqghq00001owfyvwq126
1,aacc_c8lodc9z00001pjfyvwq126
2,aacc_celx54f0r000a1qqh4lnefn9
3,aacc_cnq7b2pys000a1t4h4lnefn9
4,aacc_cnqk1nspz000e1t47aru17jl
5,aacc_crwybmdme000h1nj94zut58v
6,aacc_cxow1w7qu000z1l78rn8yn8x
7,aacc_cyivyslze00111l79jlzbcuz
8,aacc_cyjhkg4ba000r1nue5prlisl
9,aacc_cyu5f5iow00131nu7gu33gsj
10,aacc_cyxisfn7t001u1l7wsresqbj
11,aacc_czj999vto000j1mo1qkb1ydg
12,aacc_czos2p50m000d1pgbw046m1l
13,cuacc_c109wv1e400461uf150btz1f
14,cuacc_c10i6vxc00171te9rx5gbej
15,cuacc_c112mbl1600151328hv2x4op
16,cuacc_c12628dd903jp1zcbqx4mef5
17,cuacc_c12mo77at01l31y6c0vmc9qn
18,cuacc_c14xy6my5000173ey1s0i1xk
19,cuacc_c16e7wg95002x18ngmbu0yed
20,cuacc_c19e0d5hz02kc1wrf8sihe23
21,cuacc_c1c2kc79k00071t1k3hz7qls
22,cuacc_c1c5dhssr000f1t1w06eu4n0
23,cuacc_c1cmi9tzd01d21sr87exlxbc
24,cuacc_c1hkww7o9006k1buowsn4zsj
25,cuacc_c1llmy03p01yh1ry9badwa12
26,cuacc_c1mdx578u002l1tcs2wo1odm
27,cuacc_c1sc5peo8003a1t1rttzs89c
28,cuacc_c1tcn6cl30003163wyouo0dk
29,cuacc_c1tfi1xru000b1tmb5d0240d
30,cuacc_c1utnf91f000f1wyw06eu4n0
31,cuacc_c23z2bxry00o01w7oxbhg4ui
32,cuacc_c24vv4yzt01hm1w769v9q2t5
33,cuacc_c256tmqrv00ls1uyrhvnlsr6
34,cuacc_c25zakk0p01rt1w7nfw6w3nz
35,cuacc_c27xclmjo001e1qzc1g90vyt
36,cuacc_c28r0kdoj008z1xflp1wki2c
37,cuacc_c2e2ofj2500is1qz4u4jwzff
38,cuacc_c2f3r55et01w31asvcxm4dn2
39,cuacc_c2i3ha5sq002d1uphdxtt86m
40,cuacc_c2iy7mdzf01by1rma4eov4on
41,cuacc_c2ly0ric703aw1ppuvdeqcnt
42,cuacc_c2n81712w00kj1upp8azu8y1
43,cuacc_c2njljlwi00531v81wrul0az
44,cuacc_c2npyh6sw000o64dkz2pal7j
45,cuacc_c2pa1pq0001cz1tol2ukj88m
46,cuacc_c2pn73uki01ep1up25lfzc6x
47,cuacc_c2rjt5dl901gl1upntxm9qhl
48,cuacc_c2ubc97wl00151vx8hv2x4op
49,cuacc_c32vhpe4p00071vtk3hz7qls
50,cuacc_c35mt17ab05mi1xfybloxh45
51,cuacc_c38dchi95002q1xfs137lmm7
52,cuacc_c39kkl6v0000p1rtpwwaefee
53,cuacc_c3a5xn7z3000t1rt2oi29p00
54,cuacc_c3cme26tw000f1xkw06eu4n0
55,cuacc_c3col8n17000i1xk0nzc0xi4
56,cuacc_c3dfxu3mz00721uy6xv1pnta
57,cuacc_c3e5xzplg001h1tvpp0yu7dq
58,cuacc_c3eluf61p02rd1xkjk3bsm7t
59,cuacc_c3fk76x8002rz1xk1u19impa
60,cuacc_c3floll0g002y1tv4cbheuks
61,cuacc_c3fybfshs01391t2xbv2vvg7
62,cuacc_c3kk3j5qp00111xn9jlzbcuz
63,cuacc_c3kncxdi6000n1xww4xosm48
64,cuacc_c3n0snpcf001l1bxj9lqbehd
65,cuacc_c3o8xqmpm00nk1xw157fe63l
66,cuacc_c3onr2j6600241bx3i1o521p
67,cuacc_c3pa38ltc00wr1xwbgs95p8t
68,cuacc_c3rg7ha7101pc1x7gz0y8pax
69,cuacc_c3rotd9j0003u76zwkes70sa
70,cuacc_c3t8zlwp4000m1wwo0d1vjfe
71,cuacc_c3u2z00dj000o1xnkz2pal7j
72,cuacc_c3unyrrlh03l91wtqa672ka2
73,cuacc_c3x6ddvw400031tiwyouo0dk
74,cuacc_c3xpgpq0c000e1rp7aru17jl
75,cuacc_c3y2y3ugn0001199y1s0i1xk
76,cuacc_c40a27hjm00a31a5qkm6pa3m
77,cuacc_c41zhs2e6004e72x7xf4ey4p
78,cuacc_c47zndwaw007c1xfqe1ukbjw
79,cuacc_c484kvb7z007f1xfep80dssm
80,cuacc_c4erx67al001k13z1urrsr4k
81,cuacc_c4jpduskf00qv19y9d8ztqnx
82,cuacc_c4jzkdpsd038e1ticayvnmzp
83,cuacc_c4n8segcv00041uah6cklh2s
84,cuacc_c4npvp4ic014x1xjcjeftot0
85,cuacc_c4nwg7dl8001718q9rx5gbej
86,cuacc_c4pix5mo300041whh6cklh2s
87,cuacc_c4plr0pi4000o1q2kz2pal7j
88,cuacc_c4pqeucfo00131re7gu33gsj
89,cuacc_c4pwi53t2000y1tam226xmrh
90,cuacc_c4qhdhfd203k91xvegd567wi
91,cuacc_c4qkwlzwo002j18q1xr2f87i
92,cuacc_c4qm34oc9002i1wrdr0xzrom
93,cuacc_c4qpieshl002l1wxs2wo1odm
94,cuacc_c4r547c0a00ft1whtx2fz677
95,cuacc_c4rdtku6t005v1q26dopjw1r
96,cuacc_c4rr9hpzh023p1yndi1jg0sl
97,cuacc_c4spa6muy000h1t594zut58v
98,cuacc_c4t1l4qk102jk1xjks341lgk
99,cuacc_c4uejubcl010v1t6mutthfit
100,cuacc_c4uvotew402la1xj9b3esm4l
101,cuacc_c4uvz1sxg02s61ygaw8vq0p1
102,cuacc_c4vifmxzd006w1wrhq1qdt43
103,cuacc_c4vj03wrh013h1wxwhsx2uro
104,cuacc_c4vk7e5q600761wryzlf1mgg
105,cuacc_c4vv1m8dz030w1yglioakahj
106,cuacc_c4wem25ip03261ygjixhu7p4
107,cuacc_c4wq8xexg04ng1xvv7pkqef3
108,cuacc_c4xnims3206ea1ynxgye4kkm
109,cuacc_c4y9wu2u206pz1xvbe1mtrxg
110,cuacc_c4yhiascw05e81xj8rk3z5to
111,cuacc_c4yl48cdr035g1wxddzl4qwz
112,cuacc_c4ywmdn7i05pb1xjluego36w
113,cuacc_c4zvgx16506ta1ynvlpf5nma
114,cuacc_c50h7bb3603k51wxw8rnoijz
115,cuacc_c50lhxn6s06u81ynaxq3tish
116,cuacc_c522ccrde0ce21wrzjl78qxo
117,cuacc_c522o0dsd00br1a5wf4ywjn1
118,cuacc_c525ans3r0a1n1xj4s65ymwe
119,cuacc_c525ogwsw0ce91wrhvtv5kti
120,cuacc_c52be5h870c2o1xvtlmrn8uh
121,cuacc_c52ijgf5k0cf21wrfok374zc
122,cuacc_c52jrem8a0b3n1ygzimudkqg
123,cuacc_c52qz90c50b3u1yg6od4v6it
124,cuacc_c52u33qo4091r1ynrwtokz37
125,cuacc_c53yb9mcx0a5a1xjcy5me3t7
126,cuacc_c5479j35j0h9z1wra6nt9b7o
127,cuacc_c54wr2fa00j6u1wrj3vjv2yu
128,cuacc_c54xrpavk0a801xj0rpwbl06
129,cuacc_c5588jj7s0gd71xv9mei8ybi
130,cuacc_c56h855q100071ynk3hz7qls
131,cuacc_c56unapvi0cgf1yg8ni2yb3l
132,cuacc_c58cdd53p0byn1xjdyzmk3xc
133,cuacc_c59dvbv4v00021u5b7haliai
134,cuacc_c59f3jfpj000o19zkz2pal7j
135,cuacc_c59wht95m00011wty1s0i1xk
136,cuacc_c5a14odjy03331xfnrxmp7ub
137,cuacc_c5bqgae5x00361c283b8iqg9
138,cuacc_c5c1j2ccq001j1wpy13n72cm
139,cuacc_c5c3y77ci000s1tlocxon6wd
140,cuacc_c5c587zx6000y1tlm226xmrh
141,cuacc_c5ca4zvcu001d1tl47hoknjz
142,cuacc_c5g0dtgxe02ji1xfainuwoqc
143,cuacc_c5htkhnpo02n61xf0h8q864t
144,cuacc_c5keikdd5069y1wpg5rln74v
145,cuacc_c5l2yz4ci0010117xny3v2h3
146,cuacc_c5lh18eyd07361tl5pup6sbo
147,cuacc_c5nfy8h4c00ar163l7d5cabx
148,cuacc_c5tn4qx6e076v1tlv6eqymyj
149,cuacc_c5usmhy4v05kp1v2k9ny9w9o
150,cuacc_c5vuq4mpb05mi1vbybloxh45
151,cuacc_c5w1xi26g02p71xfewwpbcbw
152,cuacc_c5wcodu5s00021yeb7haliai
153,cuacc_c5wislx1509o21tlqyxigdxe
154,cuacc_c5wvteetx00bz1ds6qfadmtl
155,cuacc_c5x5lkjca05ov1vbw9ye6bps
156,cuacc_c5y5t0jbm001f1x0uxr0lctb
157,cuacc_c5y9u7wgz06811xbllrl2a5p
158,cuacc_c5yhizwf4001g1vbnr8om9d1
159,cuacc_c5zopfv1n00711ygtmkuluyj
160,cuacc_c5zr19z3m00ta1y6v34d26x6
161,cuacc_c60058aui0aca1wp5a372ldd
162,cuacc_c60bb8y8v0b3r1v20wfa43a2
163,cuacc_c60eg9tcp0c6z1tlj7mabl2z
164,cuacc_c60nfrjwd0c791tlsz707vre
165,cuacc_c60qmpkp2053p1xf1ybdflsi
166,cuacc_c60t6rt7m000d1tcbw046m1l
167,cuacc_c61tfpfma0e4w1tlwzyiz7nw
168,cuacc_c61y5bhyw0fp81tlhxv6k7v4
169,cuacc_c622z7wzm05541xfqst3cnt8
170,cuacc_c62m5io280cg81xb532uctag
171,cuacc_c63gzfwe80cgv1xbybb8ltbh
172,cuacc_c64edpg8z0dkk1wpgvdf72vd
173,cuacc_c65ccws52004d76egeih7f0f
174,cuacc_c6629i5eq0ggf1xbp44peo4j
175,cuacc_c66fho8un0bvp1xfhwwj9w81
176,cuacc_c66i78x400jxr1tl2hfbipq2
177,cuacc_c684rfuak0fy71vbitqqlcnj
178,cuacc_c68cs6b0w0kv21v24ve9twl2
179,cuacc_c69tymxem00cr1dsib2sfbp9
180,cuacc_c6a3fegkz0jix1xbskw3anmc
181,cuacc_c6aljkphs000i1af0nzc0xi4
182,cuacc_c6c34psr7009i1zmhc328n29
183,cuacc_c6cooi4he04fn1uh6b2qxg01
184,cuacc_c6cpwn8lj001w72yif6r9y5w
185,cuacc_c6d5olxin009k10yosu13vdz
186,cuacc_c6da4wqb803dw1xfumrc1g4k
187,cuacc_c6emgtdy703dr1xf7v0x1ovv
188,cuacc_c6fawl84v03sj1w75tz4drzo
189,cuacc_c6for65fl0avo1xkklnq9rf1
190,cuacc_c6gscuhq600dr10yc88fs70v
191,cuacc_c6gy3nxj401dc11mlyydv1oe
192,cuacc_c6h06kjqf03k91xfegd567wi
193,cuacc_c6kwjbrfv03ap10dt3scsxcv
194,cuacc_c6lsn8m6w007919zk8uu4z57
195,cuacc_c6mcgkjvk03y01w7uddjlg5r
196,cuacc_c6mkz4ev903nk1xfn15wue9l
197,cuacc_c6mrsaoix063n1uhiwyhsubh
198,cuacc_c6nmos0iu03oc1xf5you0n4u
199,cuacc_c6ojhc6en00261afmz0onve6
200,cuacc_c6ori1bjl002f1afechtwq2b
201,cuacc_c6qflxd43001m194jic1ec54
202,cuacc_c6rndyyzn00251vpw1tgc3pt
203,cuacc_c6ty5u2u8005n1xnfsxj3l3r
204,cuacc_c6vjp64kp0a5b1uhu5a0dzb4
205,cuacc_c6zru717p027w1xnddth1plk
206,cuacc_c705fyc2m05hw1zmlc29m2kv
207,cuacc_c70dmcdk204fn11m6b2qxg01
208,cuacc_c740hiu73003a10vrttzs89c
209,cuacc_c75zhmxvr02a610e5vx5qvuo
210,cuacc_c77l3p0na005610v1m3k6o5d
211,cuacc_c78d36x3i02c610e2zl1r8b3
212,cuacc_c78w5tko908ph11mkkwd3xlz
213,cuacc_c79trf9qo07qy1zm9c1chlwc
214,cuacc_c7cf707oz09cp1zm6kxaymjz
215,cuacc_c7e23czt20agr1uhelee0z5i
216,cuacc_c7e2a4hwq09xy10dozmgntri
217,cuacc_c7e6o8tfw03fs10v34l94wc0
218,cuacc_c7f5qk3wa04651xf86zv4p3d
219,cuacc_c7hfqwrxx0b8q10dz7q9b5s5
220,cuacc_c7hgn29g90api1uhm0o6bb6s
221,cuacc_c7jdfqx9104u81xfur1pav00
222,cuacc_c7kwlz6om0cha1xkuvqhj0xd
223,cuacc_c7m0b1011000f1ocw06eu4n0
224,cuacc_c7nomkody002u194vkmjn47f
225,cuacc_c7o1rgns1086y1xfecowygot
226,cuacc_c7ox966be05181xfesrxsygd
227,cuacc_c7pl8r86a08921xfpk54n99y
228,cuacc_c7wpylh0600031xfwyouo0dk
229,cuacc_c7y68fj51024y1wlpmz1ne3j
230,cuacc_c837knm5201yj1rm38c92ebz
231,cuacc_c83t0lbm90dfy1uhqu7lv65v
232,cuacc_c84ifc59a00061b1p3ht5r46
233,cuacc_c85ycbgsj01o71uuj6b1gmzx
234,cuacc_c87dbn1vj01sk1uu63sgd1w0
235,cuacc_c87rfri5o0000b6gfyvwq126
236,cuacc_c8886j2f301251vcovp5jzir
237,cuacc_c8b9g2b5702951tfp0yt7uu7
238,cuacc_c8bfle9td04tn1u9fuemrdg7
239,cuacc_c8e99xa9h001n1y3m79dm9y2
240,cuacc_c8evabb0p001y1y3wv2s3yym
241,cuacc_c8fq4v7vv01px1xi9wnp7hdf
242,cuacc_c8haqszc600041ajh6cklh2s
243,cuacc_c8hthx3ht039o1xiqlg3ua46
244,cuacc_c8iqcic5z01v510baerqt76u
245,cuacc_c8jbzteev04ki10bnch4kv9f
246,cuacc_c8m7wrxof03dy1xi7zprjj8h
247,cuacc_c8metgh9f00391xfyrfs17yl
248,cuacc_c8n22risa036t1xk51pmd6xe
249,cuacc_c8n2nx84n002h1afqsok2eaf
250,cuacc_c8nnwnvfv037c1xkd2y13ba1
251,cuacc_c8oqab7jl04el11ke8aiqwer
252,cuacc_c8pdfqan004a71xkh1lcr72e
253,cuacc_c8r5gtxgc028s1xfs7jvmal1
254,cuacc_c8vbhqexe04wb1xfnteg60vc
255,cuacc_c8w5s0ucw05v41xf380ztw1b
256,cuacc_c8wamttim00b11aqu71b67di
257,cuacc_c8xxauyaf04zt1xkkg62m4jq
258,cuacc_c8yt79y4o050l1xknq1dkp4f
259,cuacc_c920d9aeb07i21v7hm774n9y
260,cuacc_c92ajzxxm005t18taxdf19ix
261,cuacc_c96e2shoe00171xy9rx5gbej
262,cuacc_c988fwuf704me10bao9d9lgs
263,cuacc_c98g8n0lq0a3w1v7tq1zauuz
264,cuacc_c9aphv9fv09ed1xn0agkwyow
265,cuacc_c9aq04log09si1yyw3tixn7j
266,cuacc_c9fo4l80g012111ml369p3d3
267,cuacc_c9guoi0bd04ro1182utofsrb
268,cuacc_c9h8gy21y09lu1xngs5yvavf
269,cuacc_c9kxbtptt059011ki4r2wd6d
270,cuacc_c9lq3qdv01al1vzlgddrwad
271,cuacc_c9mom21a503qk1w7avmpkvya
272,cuacc_c9olx27b904ur1xfyy528k51
273,cuacc_c9pb35sfr004h1afes5l4n5i
274,cuacc_c9po49gh00011y6y1s0i1xk
275,cuacc_c9qn0izzq01p11uhx8pp44pn
276,cuacc_c9rnqz5q204x91xflzf0e2an
277,cuacc_c9soj33nj027g1y3gdu3aw4v
278,cuacc_c9t886tz605gz1xkofgl8b9k
279,cuacc_c9tq3i23l03p01uhai3wv7fz
280,cuacc_c9u5kqgkg04lu1w7n4883e70
281,cuacc_c9wu2ip4i06ng1xf2tbs7m76
282,cuacc_c9yahsei00061vyp3ht5r46
283,cuacc_ca00qlw0100m11uy29xxq9l3
284,cuacc_ca02s94c70bbb1yyzb4ct868
285,cuacc_ca33xe5rg0ad41wl0o81yehk
286,cuacc_ca36mpu950ee91xnogezs01f
287,cuacc_ca5g6fmh5097f1xfn21uk10c
288,cuacc_ca6lxr2yp00081vvghgxf64s
289,cuacc_ca8djidym00s21wvgysesmr2
290,cuacc_ca8rbdhy700001xkfyvwq126
291,cuacc_ca8rwl6h4004d16hgeih7f0f
292,cuacc_ca8x16lks01f41xqipripp3u
293,cuacc_cabunuieb03o61uh7huuw6pl
294,cuacc_caei4qy5i004u16hgzzu6dfy
295,cuacc_caffbdc08032x1xqaqxqnvns
296,cuacc_cagontbdv082q11kg8ohywkf
297,cuacc_cal8ud8ho03l61weelpf29pb
298,cuacc_capxfq42h05l11xq4rrwlj1q
299,cuacc_carxqkomd00231942taeis7p
300,cuacc_cas8gssjn000g1xftu81bt40
301,cuacc_casqxo8640a2l1uh8bme4vl8
302,cuacc_cau9hwet200gj1uyvj7f31qy
303,cuacc_caughomi00091vy07ock8i9
304,cuacc_cavi8jiad01ty1xkh97chvey
305,cuacc_caxknwydt003y194ju1j1dun
306,cuacc_cb0xvrphb000f1xfw06eu4n0
307,cuacc_cb1r8kaed00101xkxny3v2h3
308,cuacc_cb2cd4kh709zm118ap3793w8
309,cuacc_cb2j6yq1k00051zt54687jg1
310,cuacc_cb5a8t41a00011wty1s0i1xk
311,cuacc_cb8h96q4e00091w707ock8i9
312,cuacc_cb9sb7vaq08ll1xq2onrwgwu
313,cuacc_cbbd97tam086411kb1k0zbhh
314,cuacc_cbbezkbsd0dwu1wee62cjtxm
315,cuacc_cbcvmtr9f05gi1xi3a9e6vob
316,cuacc_cbdm9t0h70egq1weey1lyrgu
317,cuacc_cbfvn5wv90eyh1we2b56idc2
318,cuacc_cbgf44afo02lr11mk5lmdiz8
319,cuacc_cbgj54xtx0brn1uhy15atcxq
320,cuacc_cbhjcz35u000319mwyouo0dk
321,cuacc_cbib5nchn089q11kjzfwmit7
322,cuacc_cbkm0haog000317owyouo0dk
323,cuacc_cblrnau3h005c1yj8w8zjlzp
324,cuacc_cbm4jw1aa000m639o0d1vjfe
325,cuacc_cbptnny9u014u1zgfnxmyess
326,cuacc_cbqv5a7r201501zg5w3ep3vv
327,cuacc_cbqz5ocww01871zgzoyodw47
328,cuacc_cbrnjysvt06c41qz1mqx5pwk
329,cuacc_cbs8yp8qj00u11v7jvxikk9v
330,cuacc_cbs8zr5rm01jh1zg6of15zqk
331,cuacc_cbtcht9jz00011y8y1s0i1xk
332,cuacc_cbwxjw2pk00ix1wcn8zea6qi
333,cuacc_cc0kvyssv0000190fyvwq126
334,cuacc_cc1ikyyf500071wik3hz7qls
335,cuacc_cc29s200w01el1sa55ak5hfc
336,cuacc_cc40mrpuf005k1w479lh1plu
337,cuacc_cc60crw4b00at1wijh04xu9f
338,cuacc_cc9lk0ohu000g1a5tu81bt40
339,cuacc_ccbze2u8p084k1xgvmvlfqph
340,cuacc_cceyiaf6b0c6e1wvjeyhdbzu
341,cuacc_ccffp7crm00116319jlzbcuz
342,cuacc_ccgx9ncdp0a7h1xgyjfx51z8
343,cuacc_ccigz3mcp00191e0ycjcxe6f
344,cuacc_cckm35kvt0dd41wv14hbz7g9
345,cuacc_ccmqhn4nm002f73jechtwq2b
346,cuacc_ccno7yn2v001x1e0vii0790k
347,cuacc_ccnz79503001e1twc1g90vyt
348,cuacc_ccpdiq7kg0gq41xqom9kdkng
349,cuacc_ccpn4sz6a002i1ukdr0xzrom
350,cuacc_ccqbbj2m6001x1bivii0790k
351,cuacc_ccr7esgj2002u1twvkmjn47f
352,cuacc_ccraq2lve00301bxfuopmjz8
353,cuacc_ccrkfd2y601q11rq9avwp848
354,cuacc_ccrowd27w02iy1ual7g7ph3r
355,cuacc_ccrzno8jd005y1t0obe8620j
356,cuacc_cctdn4ebf03ea1rqins0m8zu
357,cuacc_ccthq76530001102y1s0i1xk
358,cuacc_cctifvl4x000011hfyvwq126
359,cuacc_cctlcm47z0007129k3hz7qls
360,cuacc_cctylz86000j1wi1qkb1ydg
361,cuacc_ccvwxjqsh000w137n3okevy0
362,cuacc_ccww9n2cs02u1129a1w6ag0n
363,cuacc_ccxfdzphw02ax10urzc35e5h
364,cuacc_ccxw7gf6u00c913795io7ct0
365,cuacc_ccy1fthho020y1z8e4g3vxrq
366,cuacc_ccyl20n2r021e1z8nw78puln
367,cuacc_cczaen5qz021y1z8xi7s66m0
368,cuacc_cd1n71myh00001vufyvwq126
369,cuacc_cd2cnbac600ry1sw9l176x04
370,cuacc_cd2jrqfjx00091ua07ock8i9
371,cuacc_cda71mfjw00691vucr1mmvqo
372,cuacc_cdcygw3k50c3p1xg99imlwon
373,cuacc_cdeze3ki80b6c1qz5t2pi631
374,cuacc_cdh5f6pec000118yy1s0i1xk
375,cuacc_cdk7cglwx0fvp1wvmayesipi
376,cuacc_cdk7j8si1002a1usopo22pht
377,cuacc_cdl2zxr5t02571vmmzr0a19o
378,cuacc_cdl50ozmv001q18qclygv6vm
379,cuacc_cdqm9c045001g1ntnr8om9d1
380,cuacc_cdqs9lulw0h441wvkcqhz960
381,cuacc_cdsa4qixy0jpj1xqbxy6s0op
382,cuacc_cdtmvcp5v00031ukwyouo0dk
383,cuacc_cdvcclo7m004m1rbeir2acci
384,cuacc_cdvhd5hyz001j1tey13n72cm
385,cuacc_cdxrwn0os002y1te4cbheuks
386,cuacc_cdy0gde2g02td1r89ypwchcv
387,cuacc_cdyf3dzc3007y1rbgiwcclbo
388,cuacc_cdyhzccfh00wo1ufg0uk5mz0
389,cuacc_cdz78gn45045c1r86oq00twz
390,cuacc_cdzulanbo00541teluyo4be5
391,cuacc_ce0goncs4047y1uk9jvntw2t
392,cuacc_ce18tuiux03xk1vhpp75rt7j
393,cuacc_ce25lrzx0012g1teprh8efdf
394,cuacc_ce3up3dqc04zw1r88jc7pi2h
395,cuacc_ce3vw210v00u81swio8c9tvl
396,cuacc_ce4ew3c1c05091r8l8cfmhts
397,cuacc_ce4m57it000o21w4rmhmn4dj
398,cuacc_ce5a3y1do013s1vvlvy7cumu
399,cuacc_ce5ncn30c02fs1uddlzpap0f
400,cuacc_ce7843xrd02gf1udbvvy6qua
401,cuacc_ce929lnvk00011ugy1s0i1xk
402,cuacc_cec0lcvft001e1stc1g90vyt
403,cuacc_ceednclkv000v1uext8ntgxs
404,cuacc_ceejlzmjw001u1ujwsresqbj
405,cuacc_cefoa56ht019c1uj8zkgb4bv
406,cuacc_cegc7po9u001l1bwj9lqbehd
407,cuacc_ceiu0n8jn04dy1uj1fvwsoal
408,cuacc_cemxo7q2k03ea1y0ins0m8zu
409,cuacc_ceovomclo047q1tehsd83owm
410,cuacc_cepw6rvou000f1a4w06eu4n0
411,cuacc_ceqxi99nz03fw1rbbeyxxly3
412,cuacc_cesfwtjn7023u1w20jzzo6ej
413,cuacc_cet0nhumh06p41r8u8jl3xdq
414,cuacc_cetk2w7oa03gx1rb3h21pmw0
415,cuacc_ceu2r1plf000w1b7n3okevy0
416,cuacc_ceu92vvom000p1r8pwwaefee
417,cuacc_cew06m37208oa1vhk2feblfl
418,cuacc_cew2ja8jy00021ukb7haliai
419,cuacc_cew7ad2wg00001ukfyvwq126
420,cuacc_ceww9begj001c1tef12w0izy
421,cuacc_cexg4j4jq002h1ukqsok2eaf
422,cuacc_cexncufn200471rbevqnn1ax
423,cuacc_cext0wx1003aj1tethhe7pku
424,cuacc_cey93hxa500l81ufuheaah87
425,cuacc_cf0diskrg01bu1r8cgofn4hi
426,cuacc_cf0h9gm4085g1sy6utz0vkg
427,cuacc_cf0ikbigh00si1uk1mrmd09w
428,cuacc_cf0n12lxy002y1ck4cbheuks
429,cuacc_cf1l12c9f01qv1r83ooia8qp
430,cuacc_cf24k8cur00hw1texskohvxv
431,cuacc_cf313ibib010v1ufmutthfit
432,cuacc_cf3adn1pq094j1rboyswscs3
433,cuacc_cf4abm1gc02gm1ukuq0znfpd
434,cuacc_cf4okvrwo03781ukw0b1sd96
435,cuacc_cf535j4q3037f1uk8nizsr2h
436,cuacc_cf66u2vo9052s1y07wnecc2w
437,cuacc_cf6pq5krw04mz1ujq5qt3rmo
438,cuacc_cf7a1b8gv00091wn07ock8i9
439,cuacc_cf8r2nxhm059t1y0tp2hijkx
440,cuacc_cf8s17e1p059w1y0qpsov5gg
441,cuacc_cf9gubj8401mk1wngcz3iso3
442,cuacc_cfa1lx1e300001tofyvwq126
443,cuacc_cfba9iz5h007w1wwbk4daeea
444,cuacc_cfbc0hzt401nh1z5x669zh8y
445,cuacc_cfc4nkvnc00051up54687jg1
446,cuacc_cfefo4w1g004c1uphd3aglnp
447,cuacc_cfeuxdwum01p91z5z3ix1xkv
448,cuacc_cfhj3gns7000k1upzkcqk7ti
449,cuacc_cfid0mkvu033l1ww45mx1nah
450,cuacc_cfjor167r00051x854687jg1
451,cuacc_cfl1ci3s6000y1xrm226xmrh
452,cuacc_cfl63ljd500qa1upl9ic0xa8
453,cuacc_cfl74w295035v1wwxxd1mc79
454,cuacc_cfls7u61i00001pffyvwq126
455,cuacc_cfvns5tpq017t1to7h6yvjch
456,cuacc_cfyrvkibd00531961wrul0az
457,cuacc_cfzz4rlxa042b1t244ogwvm5
458,cuacc_cg1q3nru2003k1utk0q9j96p
459,cuacc_cg2b26eav002x1uhgmbu0yed
460,cuacc_cg2gnzb0w005u1um14xym3kb
461,cuacc_cg3gfz8ya00dk1upt3wf0ggg
462,cuacc_cg5dsrrwh001918pycjcxe6f
463,cuacc_cg6aqevug00001wbfyvwq126
464,cuacc_cg6t5zwbr004h1tges5l4n5i
465,cuacc_cg8kas7ck00011wpy1s0i1xk
466,cuacc_cg8nchrot00fg1t0outnv6db
467,cuacc_cgc3z9pmn039q1tgrjxd0u8y
468,cuacc_cgfjoll660cvm1qzq3ukhx1o
469,cuacc_cgjdth93m037z1uhopti5q3j
470,cuacc_cgkf8lyyc00ee1ugxzpfvfc6
471,cuacc_cgl5mq26f042j1utauro3j0q
472,cuacc_cgmtihzk500e019692qfvs6s
473,cuacc_cgpcqklth04421ut8dvtpz4l
474,cuacc_cgu3zju1w000n1vpw4xosm48
475,cuacc_cgyrod9270qj71uh4jg56hbn
476,cuacc_ch02re1yq0j0x1qzeuoy0wwk
477,cuacc_ch7r637gt03zf1tgrqv415ro
478,cuacc_chc4jmnqa00091u907ock8i9
479,cuacc_chh3ltaju00zt1w07p59nrt1
480,cuacc_chhcyl928002817a2laz6j3l
481,cuacc_chhs0pil005l71uh8hxs5941
482,cuacc_chk77fhgr06x91tgo6mxxws8
483,cuacc_chkxu18w8004b1e4f18phh4e
484,cuacc_chm1fcr3d0azd1t01xy0z9kg
485,cuacc_chnhw46ir0b061t0uyxgphmb
486,cuacc_chrx9gs2q003m1t4vomdvhy0
487,cuacc_chtpi5u4v00e31sqhb46xtdv
488,cuacc_chuydhrrt000a19gh4lnefn9
489,cuacc_chxrh6szy00sy1w18gzyo3g2
490,cuacc_chxuclgnq00fh1yxibcrpnv3
491,cuacc_ci1xqk80701c21uyp1vv04x2
492,cuacc_ci3w3kdv701dz1uwf50zfzvc
493,cuacc_ci53qkly401341yd95eh7jb9
494,cuacc_ci759h1hj00021sbb7haliai
495,cuacc_ci98az9r5003x1tctlnapr9l
496,cuacc_cia51s9o5003x1u5tlnapr9l
497,cuacc_cidflvyg0006o17ak4dapyfn
498,cuacc_cidgkocsd00s81sgjgzshd2o
499,cuacc_ciiqtyt43009w1xo6afza779
500,cuacc_cij72iqrn00291xkl27r1o4h
501,cuacc_cijkgn1nx00xj1xy1h5ixjyw
502,cuacc_cikpb6uq5002w1xkj85i2l68
503,cuacc_cimtf4t4c009617piz1d1upu
504,cuacc_ciomyi5ao000h1xk94zut58v
505,cuacc_cip6eowb500341vzc23u6acj
506,cuacc_cipwqsv4201rb1x4shnvotr4
507,cuacc_cir4sxlhc01s81x4fldoaw8k
508,cuacc_cistlycn3001p17v29w2dmnz
509,cuacc_cj1q3sj5a060i1u2n6gbupjc
510,cuacc_cj1rokdaz04y01twvjgzuifk
511,cuacc_cj322qcyr002k1b9wk8teqwo
512,cuacc_cj4ur7uit05n31twfrs43bxr
513,cuacc_cj5ijv61h05oj1tw63vta3mm
514,cuacc_cj74a31nq000j1x51qkb1ydg
515,cuacc_cj8wvyhzm01p61u9g9molmci
516,cuacc_cj9pz2ask00tj1vjk43d6hha
517,cuacc_cjajuh4rj01q41u9zmbz4iai
518,cuacc_cjbpbiqxw004t1532ciy9h11
519,cuacc_cjc7nhlvt000l1bllxludzzy
520,cuacc_cjeju3zbv03j31uaeiulk8tw
521,cuacc_cjgmbzf2a03d31trdhba7rmv
522,cuacc_cjiifuum700031uowyouo0dk
523,cuacc_cjiix0blp00011spy1s0i1xk
524,cuacc_cjjno8129000f168w06eu4n0
525,cuacc_cjmckxdh2007w1wrbk4daeea
526,cuacc_cjn45pruu001o1ttskyrjvtm
527,cuacc_cjqhx31tl001k15w1urrsr4k
528,cuacc_cjqootrfr013f1ttyu7evkcx
529,cuacc_cjrvfklic001x15wvii0790k
530,cuacc_cjshbs24g000s168ocxon6wd
531,cuacc_cjub67yv800061u2p3ht5r46
532,cuacc_cjvuk7nlk00r91u3i167pxk2
533,cuacc_cjwfqoeot00141c64uiq5yy9
534,cuacc_cjy840me2004o18s2a4bvngy
535,cuacc_cjyzhn36u006e717xm9snzek
536,cuacc_ck0b070gz00ek1xerov4uftd
537,cuacc_ck2pcygjh02sg1voc0cw47ea
538,cuacc_ck54vxwtx03cv1xegq8xoba5
539,cuacc_ck6i68tg905jq1wqrxif99df
540,cuacc_ck75b1tcz000p14cpwwaefee
541,cuacc_ck7bg17fd019b1xc3ekslsk6
542,cuacc_ck9ikcoou00u91v6hgfkecdm
543,cuacc_cka2vboke006318sfp302dp9
544,cuacc_ckcojvpoo00l31udocg1f9vj
545,cuacc_ckfe6r5xb00371ttx1cxpylk
546,cuacc_ckfpuf8kb004u1ttgzzu6dfy
547,cuacc_ckg01rti004yw1xe3m6430pc
548,cuacc_ckgauxsuw009j1xxdkibr3fd
549,cuacc_ckgibgfap00851vluksiccv7
550,cuacc_ckhk7veh100ni1uhwaz14usw
551,cuacc_ckipp6xra00i31u2bjh4oyk6
552,cuacc_ckixf6t6z00i61u2eylg74kz
553,cuacc_ckj5uj89t00c41wet7pb2yoe
554,cuacc_ckjozd9ml05361xeobca4nah
555,cuacc_ckmpt08br04w21udv0w1q5tg
556,cuacc_ckmtsjky000c76zku54zm4h
557,cuacc_ckpfgmfcw00lu1wzkn9jksah
558,cuacc_ckxuymil0002q17vs137lmm7
559,cuacc_ckypaxflj00ne1xh09ih1l6f
560,cuacc_ckzdkqce200dv1vak40gijx2
561,cuacc_cl0jvvso009q1yrf4k5q619
562,cuacc_cl3m9uw4701271xx528b8q3k
563,cuacc_cl4iziuc403vr1t6opjfw1ph
564,cuacc_cl5c8m98l01o51xhn82fylnq
565,cuacc_cl90r5s6t000d18ybw046m1l
566,cuacc_clchnvz9j000a1u6h4lnefn9
567,cuacc_cle574xp705oj1xh63vta3mm
568,cuacc_clfe18bge05up1xhg3h4o011
569,cuacc_clic2ccm300af82zgn83dtgg
570,cuacc_clitbxcx303bg1vlkky084lt
571,cuacc_clm6fhp3p01m41ttdv8bv581
572,cuacc_clmhqdqud05fw1xe08f7ldnq
573,cuacc_clmt0sx5008e1xykv1ch3zr
574,cuacc_clnb3fatu001q1bkclygv6vm
575,cuacc_clrnqyaad003i1xggz6je1f5
576,cuacc_clrqa1iu200161wzrss5c0e8
577,cuacc_cludnkj9e003417vc23u6acj
578,cuacc_clv3a9zpo000262sb7haliai
579,cuacc_clwcklyj000w1a5n3okevy0
580,cuacc_cly9w43ag009e1blbnwr8zab
581,cuacc_cm09a2yjd00l71tgryyasoig
582,cuacc_cm1t99it500951sxqhau5tb9
583,cuacc_cm2c6q17k004o71q2a4bvngy
584,cuacc_cm31pwkl500ej1sx5ycjnigp
585,cuacc_cm3xv7di900bf1t1hodbwyhv
586,cuacc_cm5jxqg7z04wx1tci9xjbyc6
587,cuacc_cm6jwfnq007h1wid2g8r88h
588,cuacc_cm70n4h6l00051yh54687jg1
589,cuacc_cm79iizyl04yh1tcc9978qvv
590,cuacc_cmcfwuasb00171su9rx5gbej
591,cuacc_cmk188qfe055z1udt2nxab8y
592,cuacc_cmkvkk0ql000b62sb5d0240d
593,cuacc_cmldc8wdd000g62stu81bt40
594,cuacc_cmlotvnx7001l170j9lqbehd
595,cuacc_cmlw9p9bi001318n7gu33gsj
596,cuacc_cmmknlaq806pn1wd67d7j3ew
597,cuacc_cmstcqjoc04721u2ux35zui2
598,cuacc_cmu5n0hyl067v1udxfrzguxl
599,cuacc_cmvg4m5m004m1uieir2acci
600,cuacc_cmvzj0ey003oq1w28fn7owvo
601,cuacc_cmw5irx0h004r15wa8vcf0g8
602,cuacc_cmwxf1reo01bg1w6v8d32ux8
603,cuacc_cmx8si3e900xs1rgrqf6ipyu
604,cuacc_cmxaj7zan00iu17vott7mdpe
605,cuacc_cmyazht8e02ny1w6rqmeyswj
606,cuacc_cn08lqq2301au1ud162hyw8r
607,cuacc_cn1h7mlfj010c1rgz0phlonf
608,cuacc_cn20dnjir01c717twfb6hvue
609,cuacc_cn2dq78lw06dv1w2xf6vui7d
610,cuacc_cn2kzvz8l038i1supab6b8no
611,cuacc_cn3284m8b09jv1w677oo760z
612,cuacc_cn3bghe6m02ll1udya6lf2yl
613,cuacc_cn4hvn94002w1chj85i2l68
614,cuacc_cn4i9ukye053i1su8m615yw6
615,cuacc_cn9dgxspz00101uoxny3v2h3
616,cuacc_cni42a7bz07rj1xekb8tthz7
617,cuacc_cnlrmyxht08b41udvar89042
618,cuacc_cnm7y7mlf0epr1uhu8jpftb0
619,cuacc_cno7ay7eo00af1v8gn83dtgg
620,cuacc_cnokx7tmd00041voh6cklh2s
621,cuacc_cnpdb04ye003g170k61xfruv
622,cuacc_cnqhbxtbl0aee1xxxzvz1q5s
623,cuacc_cnrxdx1iv002r18nc803tnzg
624,cuacc_cnsjanwro000882lghgxf64s
625,cuacc_cnvn43dia001z1zvogieu1u1
626,cuacc_cnwgtgynj000u1tdln6e029c
627,cuacc_cnz34qbx6008t1yaey3yf9dd
628,cuacc_cnz5stany00q61r3btcl8qx6
629,cuacc_cnzgy33q3008d1u188nhikrd
630,cuacc_co0510oag00011ahy1s0i1xk
631,cuacc_co0cl0jjf09vf1zbn7aymgau
632,cuacc_co0g9nk0j003r18n5wngp11r
633,cuacc_co2q384r901zg1vp3ctun3rs
634,cuacc_co3i5afhx00to1r3336mks4n
635,cuacc_co5m28ade01o41t7oal0wud2
636,cuacc_co72xjwx4018b1qy8c9uaxep
637,cuacc_co7ktt5c701971qycnbnrxvm
638,cuacc_co85c8z5008l1yld0i79s1u
639,cuacc_cocfn5mrg01gf1r3bf5rwjrw
640,cuacc_coeglw7yf0000721fyvwq126
641,cuacc_cofd21rdy0csq1xh4xotufha
642,cuacc_coffcdhtb0jfg1uhhaflz2ax
643,cuacc_cofv2kug400d01bxjwvl96s3
644,cuacc_cogw2j9qw0od01vat1g7s92b
645,cuacc_cokst9sq5002l1vps2wo1odm
646,cuacc_col6680ya0ek91wdgzeq88ba
647,cuacc_com0gjsvx0mew1uhtru3a6km
648,cuacc_conjafl13000i1ws0nzc0xi4
649,cuacc_coqoy81mb0f5c1wdmonecugd
650,cuacc_core83era0d2j1u4hrk8gx89
651,cuacc_cos19892u00wk1y704tlnm28
652,cuacc_cos7zsp7c000518b54687jg1
653,cuacc_cowtun5j600041ubh6cklh2s
654,cuacc_coy9kspmw00341ayc23u6acj
655,cuacc_cp4vtdw6x040u1v83csadbaf
656,cuacc_cp5bijo1h04171v80nfcjivk
657,cuacc_cp6vmophu01id1qy6grj28cw
658,cuacc_cp7w9i2b704411vpy1v3oafq
659,cuacc_cp9iogeoo045q1vp7pua1jyo
660,cuacc_cp9n95pfb075g1v8a68i18vl
661,cuacc_cpaoxpyao04k11t7qmnelaf2
662,cuacc_cpbrfwkcl04dy1vp1fvwsoal
663,cuacc_cpdyfa59a00el1anfg5zx9qw
664,cuacc_cpegs0gt000031xvwyouo0dk
665,cuacc_cpevb50mc006n1ay9i7ryglg
666,cuacc_cpg4668zz00q41pxurqgzooj
667,cuacc_cpgzqsg3n0008721ghgxf64s
668,cuacc_cphidc3cg000g1xbtu81bt40
669,cuacc_cpiwmaock00w41ulk7hl8upo
670,cuacc_cpjuh1nwb000l19tlxludzzy
671,cuacc_cplnasy9b018n1vykx09jwm0
672,cuacc_cpmyigkk00vl1xhcdxg4sdt
673,cuacc_cpnaqvqc604se1vy20653lxa
674,cuacc_cpnrt0hjq02nz1u139efmqn2
675,cuacc_cpo4ol2mc003t1tq1wuupjen
676,cuacc_cptmwrtb507aq1ulokcw6y49
677,cuacc_cpvayh02006aj1u1mw64yqj7
678,cuacc_cpwe7xyrr08a11vyxhdkthh2
679,cuacc_cpype775t00171x89rx5gbej
680,cuacc_cpz75axyr00321wbysdjhom9
681,cuacc_cq2yof1gm0blp1vz3p0iif1p
682,cuacc_cq8xzhamp01aa1wt8fatiys3
683,cuacc_cqc0djstc02k31wt1tcfcc90
684,cuacc_cqcbm4iu008n1zcm0w5j53d
685,cuacc_cqdosym6301dc1xblyydv1oe
686,cuacc_cqewrp15602lr1wtk5lmdiz8
687,cuacc_cqfw8jazq00o31saw584pt2r
688,cuacc_cqgagay6k02ng1wt8ecsa3lo
689,cuacc_cqgsbyok803ts1uchgrnzpei
690,cuacc_cqho5gc5v00941aymw0i5f77
691,cuacc_cqic97f0m02vv1xg834qiaav
692,cuacc_cqivv3tf00001vifyvwq126
693,cuacc_cqk63pvtx038k1wtupwve2ro
694,cuacc_cqlpdypqm01461saknrbdb31
695,cuacc_cqpnsay0200091y107ock8i9
696,cuacc_cqrsarkz9024h1ytjxl5ew3m
697,cuacc_cqse3mc97000x1wzgk5z0pru
698,cuacc_cqtza1b9k00051s854687jg1
699,cuacc_cquosc2no001n1rem79dm9y2
700,cuacc_cqxscmcdy00ez1snw5nw2dma
701,cuacc_cqyi6qfc200f71sncv4355zb
702,cuacc_cqyxhbax202pc1s7gxbzlgn4
703,cuacc_cr1bhkfoc00001wmfyvwq126
704,cuacc_cr20yczo9000j1x61qkb1ydg
705,cuacc_cr2xjt4kd004w1wtr1c7vtp5
706,cuacc_cr4o00ip8001h1vtpp0yu7dq
707,cuacc_cr4qud0bb00081vpghgxf64s
708,cuacc_cr5soqvkt08zg1yu8ks9ulni
709,cuacc_cr7ie08e7012c1x3lxnsj76g
710,cuacc_cr8ydyx5000nx1vparyuz6yi
711,cuacc_cr96tw19300031wywyouo0dk
712,cuacc_crayfas0u01ol1v7kj1vspri
713,cuacc_crf18xa4008y1zc51kmbzmh
714,cuacc_crj0xgwtw000b1wyb5d0240d
715,cuacc_crn12igfx00951ahqhau5tb9
716,cuacc_crn61868x001f1xkuxr0lctb
717,cuacc_croggnppm007z1ww10pndtba
718,cuacc_crowpcc92000q1yxsku32og9
719,cuacc_crpzckavo001d1bp47hoknjz
720,cuacc_crqhszmzx0a8i1yu04apbbws
721,cuacc_crqvxa3ld001i19zr507xvlg
722,cuacc_crqytr0db000g1q4tu81bt40
723,cuacc_crtdl2wmj000y1qam226xmrh
724,cuacc_cruk1xzi000101rixny3v2h3
725,cuacc_crv4pg1bz00131ri7gu33gsj
726,cuacc_crv6oz1do00051sj54687jg1
727,cuacc_crwddi7r3059p1wxojzr7rgf
728,cuacc_crxf71k4f000i7210nzc0xi4
729,cuacc_crzgv0kpz08v61y4tgkvq2ov
730,cuacc_cs1pvda00301r8fuopmjz8
731,cuacc_cs2499o301e71wwj0u5hr5h
732,cuacc_cs3byyyyx002z1bpyefq5otx
733,cuacc_cs4zmywz800001qrfyvwq126
734,cuacc_cs5r7klny097v1uxkrvvb9zb
735,cuacc_csajk2phr001q1ouclygv6vm
736,cuacc_csb3v231q01pl1n8vto86pcb
737,cuacc_csb70cl7d01qu1r6nstrhsys
738,cuacc_csbje81gl01cz1o5l2ukj88m
739,cuacc_csd8kupu800061wzp3ht5r46
740,cuacc_csdzpwjrc0gfw1yu1t9fogd2
741,cuacc_csfvypsmk000215ib7haliai
742,cuacc_csg6mko4l00071a3k3hz7qls
743,cuacc_cshy8ae0i000z1wz8rn8yn8x
744,cuacc_cskw9hpcn001i1yar507xvlg
745,cuacc_csqmdjet10hz31yuswkktixt
746,cuacc_csrtl34s106y71ya9eqlf00p
747,cuacc_cstum19el000p1ywpwwaefee
748,cuacc_csuf706t905651vox42o4xw7
749,cuacc_csuyfvijw001a1v2betazk7s
750,cuacc_csv3cql780cii1uxq0uv58cx
751,cuacc_csv4lhlbe0cim1uxvkmliqa2
752,cuacc_csvhvj07s08971ya1cxva8hc
753,cuacc_csweltrd900wu1x4qp35viml
754,cuacc_cswx3s6vr08cm1yaosp14qnk
755,cuacc_csx48dw62001o1y0skyrjvtm
756,cuacc_csxcwr9or006o19zk4dapyfn
757,cuacc_cszdoezh5000r1x1e5prlisl
758,cuacc_cszfrvuns00l81ywuheaah87
759,cuacc_ct066hzny01ml1wswn4rthfp
760,cuacc_ct1ap1v6p004w1bpr1c7vtp5
761,cuacc_ct1s8kmao01kh1y7a9fjw3ug
762,cuacc_ct221zs6z007m19zg71wd0nu
763,cuacc_ct2r8vsk009h1zcn03zdqp9
764,cuacc_ct3h4e8v200031xbwyouo0dk
765,cuacc_ct3sbxs6f00yc1x4y5uwxbch
766,cuacc_ct3yqnf3504m71ywhj6xz1wg
767,cuacc_ct6ri2u2r02gt1yatvdftpor
768,cuacc_ct7euqogm019d1zu48pax2r0
769,cuacc_ct93ejghr03971x4gbug6cf0
770,cuacc_ct95v2saw00xm1wzx4628003
771,cuacc_ctavc21kq04yr1x1uxo1oj3l
772,cuacc_ctdf246mq07dr1x1lnm9nn0p
773,cuacc_ctgckf9ha005k1vi79lh1plu
774,cuacc_ctk3d2ajp0akf1xgtfov68h0
775,cuacc_ctl6rxah70ajh1xbj6btbutm
776,cuacc_ctlchsqve0ajm1xbkby89tjt
777,cuacc_ctm74rt7w04111tq7rqaktyr
778,cuacc_ctmfqwt1o03ne1vjfbmaya0b
779,cuacc_cto7a4i7q00xb17huydo2dez
780,cuacc_ctozmpi2h009g1cruolopqoo
781,cuacc_ctpk4s0yc0aiu1wtv2gd714w
782,cuacc_ctpl3f06r0c2d1xgcdi0ppeo
783,cuacc_ctqetxnfx093d1sawoto032y
784,cuacc_ctqlvhza000j1ae1qkb1ydg
785,cuacc_ctr4k7pe309411say3lzfalo
786,cuacc_cttzltge00e9r1uctp7jgm8j
787,cuacc_ctu61cdjh00021u1b7haliai
788,cuacc_ctzdxj9le000710xk3hz7qls
789,cuacc_cu0tyholj000s1zdocxon6wd
790,cuacc_cu3up362b001h1zdpp0yu7dq
791,cuacc_cu47anxed000473ph6cklh2s
792,cuacc_cu7tmedoe01xo1x1104fr7yw
793,cuacc_cu9i74fon00041ujh6cklh2s
794,cuacc_cu9q3ai1s00011s9y1s0i1xk
795,cuacc_cu9xczs75000f1s9w06eu4n0
796,cuacc_cuc3aj72v000a1syh4lnefn9
797,cuacc_cud0a973v00031zawyouo0dk
798,cuacc_cufh3bp5o000210bb7haliai
799,cuacc_cugdhmfbu00he1xnx9xqhjh8
800,cuacc_cuhsnkefq00su1xnmjo1wa86
801,cuacc_cui0zh9d00yp1y65m65lsks
802,cuacc_cuivjn9zj001g10bnr8om9d1
803,cuacc_cuj7hr5h4000c1dsku54zm4h
804,cuacc_cul8v5oz000kn113b2bdfbv0
805,cuacc_cum9g8m200ft1tmtx2fz677
806,cuacc_cumn44pxd001d1rx47hoknjz
807,cuacc_cuorhigl2043p1wsuu2y6nvq
808,cuacc_cuphfg7gk00jj1zda0swydcw
809,cuacc_curzjgxoa02mp1yao8sclvw7
810,cuacc_cus07fqcf01em1xwlka9thtc
811,cuacc_cutlnlcn2074h1zij41ez6d2
812,cuacc_cutnxvi3m01o8113fvkuxla1
813,cuacc_cuvk6yp73001y1upwv2s3yym
814,cuacc_cuw7t1txd01hd1xw0uu6tj4p
815,cuacc_cuwkizx2b03qx10x3nxbghdy
816,cuacc_cuxztac0m000z1vf8rn8yn8x
817,cuacc_cuy8ip2wx002c1tkg5vr1onv
818,cuacc_cuyg5fya700301vffuopmjz8
819,cuacc_cv14mfk89019d1vw48pax2r0
820,cuacc_cv4pv2nj301fu1vwkohacu1a
821,cuacc_cv53aubtd09qy1x1fctsbb7m
822,cuacc_cvbgjsfzi009n1rxx5z3najy
823,cuacc_cvda75hss01n61tqu4tq77md
824,cuacc_cvdbff9x800du1rxg0jdctfi
825,cuacc_cvdwis3q9004b1bzf18phh4e
826,cuacc_cvebkxpm501b61ubvcpnreec
827,cuacc_cvfng21yt0a1a1x1fvdg5z7g
828,cuacc_cvg6ur0oa08uc1y7bnbx7eni
829,cuacc_cvgn1dtdn00091tk07ock8i9
830,cuacc_cvh5drjnh01p31suu8xz5ey1
831,cuacc_cvj8ufulc01p51sx4q2n9ndv
832,cuacc_cvjghnrha00l21wt2kq3dnr8
833,cuacc_cvkdhn0dq00ze1vttln5rvxv
834,cuacc_cvn97nnst00301akfuopmjz8
835,cuacc_cvp2dvtix000173py1s0i1xk
836,cuacc_cvq5ccyna089u1xrf3zh5vlq
837,cuacc_cvr2mke7403jz1vwwo5g6ui7
838,cuacc_cvt6npy2f030a1v0ior20xq7
839,cuacc_cvtvqijms00551vzhlnfytj2
840,cuacc_cvtwj8hqm03mi1vwg2ja1kge
841,cuacc_cvujrlb8d04t21tp3wnl3jf5
842,cuacc_cvv6ty7qy06p51vf44n350g4
843,cuacc_cvvqafzzq000573p54687jg1
844,cuacc_cvwuklvmd00bl1akzaihap75
845,cuacc_cvx3cuz7t00041v0h6cklh2s
846,cuacc_cvxvend2104xe1tp7ecr4djn
847,cuacc_cvz8h4je404hp1tk397cg4cf
848,cuacc_cvzpiu5ym00031u0wyouo0dk
849,cuacc_cw0aim58j08cp1xrshwn4grg
850,cuacc_cw0nasgnx00221vuqn1m69ru
851,cuacc_cw0vh1dn301a51tkxs236mru
852,cuacc_cw1fghpj707ip1wscxmgtrfs
853,cuacc_cw1o3b2xf001r1v5bcxpvs9p
854,cuacc_cw222nn7800081tughgxf64s
855,cuacc_cw28wklia000k7m22zkcqk7ti
856,cuacc_cw2i09ujo00yv1z8sdzbdfv0
857,cuacc_cw3e4qj0101hf1x71em1id2m
858,cuacc_cw3ih9ftg0a601y7saypkv83
859,cuacc_cw46htjf000o18nkz2pal7j
860,cuacc_cw48gpyme00041x5h6cklh2s
861,cuacc_cw60xmr1800lr1ve67b4ij48
862,cuacc_cw6vjl85a02z31vcvcog9xt0
863,cuacc_cw73xp3w600081pyghgxf64s
864,cuacc_cw7yjtetu0e911yw5l4ek9aa
865,cuacc_cw9kzrn5j000t1t82oi29p00
866,cuacc_cw9ttevu60frk1yw7za703re
867,cuacc_cwaminqp00c6n1x107xb8v68
868,cuacc_cwaoj5isg0brv1y7nqdy1a06
869,cuacc_cwcccpbfe000v1vpxt8ntgxs
870,cuacc_cwdlqedm70b4x1xwj4iqf5nt
871,cuacc_cwfmygvtx02oh1vqx9byckm9
872,cuacc_cwg5oeaba000b1u4b5d0240d
873,cuacc_cwkrmkjrn037y1sx5uj3zik9
874,cuacc_cwv0mli7g02rl1vqx0hvfctg
875,cuacc_cww2ixt9n00fw1vpsd6tbvin
876,cuacc_cwwcx5hmo00g51vpptu0w7vv
877,cuacc_cwwujjj7k01ld1tgpckm3pwf
878,cuacc_cwyllii9y0ng31ywsbeys1m4
879,cuacc_cwz1oacql04ah1tgbe4jzeeb
880,cuacc_cwzi6o4ec088n1twg7of1iic
881,cuacc_cx4c0u5y5002s1tlcwhx8w5u
882,cuacc_cx4lgz1b200051ca54687jg1
883,cuacc_cx4s3mpc002nj1wtdu6pluus
884,cuacc_cx4w67jp00341ufc23u6acj
885,cuacc_cx4wmwknb01w51xa5hdfyl8l
886,cuacc_cx7hno56r0ms91y7ysnsem93
887,cuacc_cx7x4tm2x0msx1y7icfk3cmv
888,cuacc_cx856aeip000i18r0nzc0xi4
889,cuacc_cx8pitpjb001e1t0c1g90vyt
890,cuacc_cxauv3ai60jhf1wsmvhg7rjz
891,cuacc_cxbi7hww0000u1reln6e029c
892,cuacc_cxddjqz2f00mv1su06xq5b5y
893,cuacc_cxegv4ibp00ta1uzv34d26x6
894,cuacc_cxeig51cn000k1wrzkcqk7ti
895,cuacc_cxemf084800n91suxiakgchj
896,cuacc_cxf61sp4300bw1vzsxfcyk4t
897,cuacc_cxg6u13vr002a735opo22pht
898,cuacc_cxgkde0il03k01uduydonuan
899,cuacc_cxgkq400k012y1slclzq7els
900,cuacc_cxhggs98l000v1sjxt8ntgxs
901,cuacc_cxj0ximrr01k31vzyhqwqijj
902,cuacc_cxjq2sk7v001018rxny3v2h3
903,cuacc_cxka9d1fx01zl1uz8pkv4b95
904,cuacc_cxlb5ytdu021z1slgyv398hk
905,cuacc_cxmbkcsui02sf1tkaujtp1ge
906,cuacc_cxp3ahxwy00001v1fyvwq126
907,cuacc_cxqdpmmgs000018bfyvwq126
908,cuacc_cxs5qkyqy02dg1sl3n44vixs
909,cuacc_cxsfjup5k01kx1vz4hkp3lxd
910,cuacc_cxzqv6kxj02gp1slywkjk80d
911,cuacc_cy44hmylr002115e3ib8v8pn
912,cuacc_cy4bq5yn103m01xijlnhg02d
913,cuacc_cy6dmm5wq00kg1asm8bfxzl9
914,cuacc_cyauyiwcc000l1vzlxludzzy
915,cuacc_cyazh5r7400061vjp3ht5r46
916,cuacc_cyhyq9z6u00031tlwyouo0dk
917,cuacc_cyinhhla7077y1tk3fespi1r
918,cuacc_cyjtgclv502bl1x0g7p81shp
919,cuacc_cykrp904x03m61txjgrfjkpn
920,cuacc_cyl86is0h08ge1vj1qw4u9zw
921,cuacc_cylf1yn6v008p164iu8j9jtb
922,cuacc_cylvoek8o07sh1udly3laxl1
923,cuacc_cymhfuj7e00121x7rcgskznc
924,cuacc_cynxqk4tg05y71vtn6ffy4xc
925,cuacc_cyphnlon0000g1rqtu81bt40
926,cuacc_cypqh61d2000b1sdb5d0240d
927,cuacc_cyq5ovm1n010b1vlyxkfbhoo
928,cuacc_cyqwekz0k00121usrcgskznc
929,cuacc_cys3nhmmb022a1w3rmdf9eot
930,cuacc_cysw7cy35000g1sdtu81bt40
931,cuacc_cyt31dn9q01lp1ua0a8gbjcg
932,cuacc_cyteep0hr000j1rq1qkb1ydg
933,cuacc_cytpjlg0f00ug1usp8qu28wq
934,cuacc_cyuyc05ci001l1t4j9lqbehd
935,cuacc_cyxn39c9m000a1vnh4lnefn9
936,cuacc_cyz8bxj5400ub1srci8w0l0t
937,cuacc_cz2tt07ys01p51t24q2n9ndv
938,cuacc_cz319pjyj000d1b5bw046m1l
939,cuacc_cz9u62chn00591wrya36ycxy
940,cuacc_czcaw3ewu01q51t2uo3lfxsz
941,cuacc_cze4g3vud000p17vpwwaefee
942,cuacc_czfj30j2a007b1slbgnioesb
943,cuacc_czfr8oofx007c7zsqe1ukbjw
944,cuacc_czg0rdowl06yn1vpechpbx3o
945,cuacc_czgbssvai05fj1vjdekxiie3
946,cuacc_czhmzwvzw04fi1vl5435ph96
947,cuacc_czhsvagsw06ah1w3938tnn2l
948,cuacc_czhxgi76400001ydfyvwq126
949,cuacc_czi6jbze502rd1uhjk3bsm7t
950,cuacc_czitzs6ls06nd1vjsw0fodic
951,cuacc_czjwjlwqz0065708350l6man
952,cuacc_czk2j92q503101uh02l70gk5
953,cuacc_czk880l8t00041zah6cklh2s
954,cuacc_czqkkdf5r003x1tgtlnapr9l
955,cuacc_czqomtem500dp1uwebhuek9d
956,cuacc_czstjnk88004z1tg7dnkaca1
957,cuacc_czt711okh00551tghlnfytj2
958,cuacc_cztfod8u300zh1srm1lf0bc1
959,cuacc_czuhcv8sp031n1qi6jjy38uz
960,cuacc_czxekwmon0007124k3hz7qls
961,cuacc_czzgr8z3i02ke1r4ldqwsqp8
